<?xml version="1.0" encoding="UTF-8"?>
<project-private xmlns="http://www.netbeans.org/ns/project-private/1">
    <editor-bookmarks xmlns="http://www.netbeans.org/ns/editor-bookmarks/2" lastBookmarkId="0"/>
    <open-files xmlns="http://www.netbeans.org/ns/projectui-open-files/2">
        <group>
            <file>file:/D:/Engenharia%20Informatica/2ºAno/1ºSemestre/ED/Projetos%20e%20Fichas/myColections/src/lists/LinkedListSorting.java</file>
            <file>file:/D:/Engenharia%20Informatica/2ºAno/1ºSemestre/ED/Projetos%20e%20Fichas/myColections/src/zmain/LinkedListSortTests.java</file>
            <file>file:/D:/Engenharia%20Informatica/2ºAno/1ºSemestre/ED/Projetos%20e%20Fichas/myColections/src/nodes/LinkedNode.java</file>
        </group>
    </open-files>
</project-private>
