<?xml version="1.0" encoding="UTF-8"?>
<project-private xmlns="http://www.netbeans.org/ns/project-private/1">
    <editor-bookmarks xmlns="http://www.netbeans.org/ns/editor-bookmarks/2" lastBookmarkId="1">
        <file>
            <url>src/ADTs/GraphADT.java</url>
            <bookmark id="1">
                <name/>
                <line>96</line>
                <key/>
            </bookmark>
        </file>
    </editor-bookmarks>
    <open-files xmlns="http://www.netbeans.org/ns/projectui-open-files/2">
        <group>
            <file>file:/D:/Engenharia%20Informatica/2ºAno/1ºSemestre/ED/Projetos%20e%20Fichas/Colecoes/src/Graphs/Graph.java</file>
            <file>file:/D:/Engenharia%20Informatica/2ºAno/1ºSemestre/ED/Projetos%20e%20Fichas/Colecoes/src/zmain/main.java</file>
        </group>
    </open-files>
</project-private>
